Month,Year,Temperature
April,1943,12.1
May,1943,8.4
June,1943,7.3
July,1943,5.8
August,1943,5.7
September,1943,9.9
October,1943,11.1
November,1943,13.7
December,1943,16
January,1944,17.8
February,1944,16.7
March,1944,15.6
April,1944,13.1
May,1944,8.2
June,1944,5.9
July,1944,7
August,1944,7.3
September,1944,9
October,1944,10.8
November,1944,12.7
December,1944,14.1
January,1945,17
February,1945,16.8
March,1945,13.3
April,1945,12
May,1945,8.4
June,1945,5.4
July,1945,5.5
August,1945,8.8
September,1945,9.4
October,1945,9.6
November,1945,14
December,1945,14.2
January,1946,16.7
February,1946,16.1
April,1946,12.5
May,1946,10.2
June,1946,7.3
July,1946,7.3
August,1946,7.2
September,1946,9.2
October,1946,10.3
November,1946,10.3
December,1946,14
January,1947,15.7
February,1947,15.9
March,1947,15.7
April,1947,12.3
May,1947,8.8
June,1947,7.1
July,1947,6
August,1947,7.4
September,1947,9.7
October,1947,11.4
November,1947,13.4
December,1947,15.9
January,1948,16.6
February,1948,16.5
March,1948,15.6
April,1948,12.7
May,1948,9.7
June,1948,6.4
July,1948,7.9
August,1948,6.9
September,1948,9.1
October,1948,10.8
November,1948,12.6
December,1948,15.2
January,1949,16
February,1949,17.1
March,1949,13.8
April,1949,10.3
May,1949,8.9
June,1949,8.4
July,1949,7.9
August,1949,7.4
September,1949,9.2
October,1949,12.3
November,1949,12.8
December,1949,14.1
January,1950,16.3
February,1950,15.4
March,1950,14.5
April,1950,11.4
May,1950,11.7
June,1950,7
July,1950,5.9
August,1950,6.8
September,1950,9.5
October,1950,11.9
November,1950,14
December,1950,15.8
January,1951,16.6
February,1951,16.1
March,1951,15
April,1951,12.2
May,1951,8.3
June,1951,5.3
July,1951,6.5
August,1951,6.4
September,1951,9.3
October,1951,11.7
November,1951,13.5
December,1951,14
January,1952,15.7
February,1952,16.9
March,1952,14.6
April,1952,12.6
May,1952,9.9
June,1952,7.2
July,1952,5
August,1952,8.2
September,1952,9.4
October,1952,12.2
November,1952,13.9
December,1952,15.8
January,1953,15.5
February,1953,16.3
March,1953,15.3
April,1953,11.8
May,1953,10
June,1953,7.6
July,1953,6.3
August,1953,8.1
September,1953,9.7
October,1953,11.3
November,1953,14.3
December,1953,15.9
January,1954,16.9
February,1954,17.4
March,1954,16.7
April,1954,11.6
May,1954,10
June,1954,8.3
July,1954,6.6
August,1954,7
September,1954,9.1
October,1954,10.4
November,1954,14.9
December,1954,16.5
January,1955,16.8
February,1955,18.1
March,1955,16.4
April,1955,13.8
May,1955,10.7
June,1955,6.4
July,1955,5.7
August,1955,8.2
September,1955,9.6
October,1955,12.1
November,1955,13.4
December,1955,15.6
January,1956,18.7
February,1956,17.2
March,1956,15.1
April,1956,15.1
May,1956,10.5
June,1956,8.1
July,1956,6.9
August,1956,6.9
September,1956,9.4
October,1956,12
November,1956,13.5
December,1956,15.5
January,1957,16.8
February,1957,17.9
March,1957,17
April,1957,14.2
May,1957,10.2
June,1957,7.5
July,1957,5.9
August,1957,8.6
September,1957,9.6
October,1957,11.2
November,1957,13.6
December,1957,14.6
January,1958,16.3
February,1958,18.1
March,1958,16.1
April,1958,11.8
May,1958,9.7
June,1958,6.9
July,1958,5.5
August,1958,7.8
September,1958,8.6
October,1958,12.5
November,1958,13.9
December,1958,17
January,1959,17.9
February,1959,17.4
March,1959,16.2
April,1959,12.5
May,1959,7.6
June,1959,5.8
July,1959,6.4
August,1959,7.7
September,1959,10.1
October,1959,10.3
November,1959,14.1
December,1959,16
January,1960,18.9
February,1960,17.2
March,1960,14.8
April,1960,11.9
May,1960,10.2
June,1960,8.1
July,1960,6.4
August,1960,6.6
September,1960,10.3
October,1960,13.3
November,1960,13.8
December,1960,15.6
January,1961,17.6
February,1961,17.4
March,1961,14.9
April,1961,12
May,1961,10.1
June,1961,6.5
July,1961,6
August,1961,7.1
September,1961,9.6
October,1961,13.3
November,1961,14.7
December,1961,16.9
January,1962,18.4
February,1962,17.2
March,1962,16.2
April,1962,12.9
May,1962,11.9
June,1962,8.4
July,1962,7.3
August,1962,7.5
September,1962,9.7
October,1962,13.3
November,1962,14
December,1962,16.3
January,1963,17.8
February,1963,18.1
March,1963,14.7
April,1963,11.9
May,1963,9.5
June,1963,6.7
July,1963,6.7
August,1963,7.2
September,1963,10.2
October,1963,12.7
November,1963,13.3
December,1963,15.5
January,1964,15
February,1964,17
March,1964,15.1
April,1964,11.3
May,1964,9.1
June,1964,7.1
July,1964,7.5
August,1964,7.9
September,1964,9.6
October,1964,11.5
November,1964,14
December,1964,15.9
January,1965,18.3
February,1965,16.7
March,1965,15.8
April,1965,12.3
May,1965,9.1
June,1965,7.3
July,1965,5.3
August,1965,7.4
September,1965,9.4
October,1965,10.6
November,1965,13
December,1965,15.5
January,1966,16.7
February,1966,19
March,1966,16.6
April,1966,13.1
May,1966,8.6
June,1966,6.7
July,1966,6.4
August,1966,6.2
September,1966,9.4
October,1966,11.5
November,1966,13.3
December,1966,15.5
January,1967,16.7
February,1967,16.4
March,1967,16.3
April,1967,13.6
May,1967,10
June,1967,6.3
July,1967,5.9
August,1967,9.6
September,1967,9.1
October,1967,12.3
November,1967,14.3
December,1967,16.1
January,1968,17.3
February,1968,17.4
March,1968,18
April,1968,13.2
May,1968,10.9
June,1968,7.6
July,1968,6.1
August,1968,8.4
September,1968,9.4
October,1968,11.4
November,1968,12.9
December,1968,15.3
January,1969,16.8
February,1969,16.6
March,1969,16
April,1969,12.3
May,1969,9.9
June,1969,5.4
July,1969,5.3
August,1969,7.9
September,1969,10.9
October,1969,11.3
November,1969,14.5
December,1969,17.4
January,1970,19
February,1970,17
March,1970,17.2
April,1970,14.1
May,1970,9
June,1970,7.8
July,1970,7.8
August,1970,8.2
September,1970,10.8
October,1970,12.8
November,1970,14.9
December,1970,17.1
January,1971,18.3
February,1971,18.5
March,1971,16.1
April,1971,13.3
May,1971,11.1
June,1971,9.8
July,1971,6.4
August,1971,8.5
September,1971,10
October,1971,12.2
November,1971,14
December,1971,16.7
January,1972,17.3
February,1972,16.5
March,1972,17
April,1972,13.6
May,1972,9.6
June,1972,5.4
July,1972,6.7
August,1972,6
September,1972,11.1
October,1972,12.9
November,1972,15.4
December,1972,14.9
January,1973,17.6
February,1973,18.1
March,1973,16
April,1973,13.2
May,1973,10
June,1973,7.7
July,1973,6.3
August,1973,8
September,1973,10.7
October,1973,12.4
November,1973,15
December,1973,16.9
January,1974,17.2
February,1974,18.7
March,1974,14.7
April,1974,14.1
May,1974,10.6
June,1974,7.5
July,1974,6.7
August,1974,7.9
September,1974,10.9
October,1974,12.4
November,1974,15.1
December,1974,17.9
January,1975,19.2
February,1975,18.4
March,1975,17.2
April,1975,13.9
May,1975,10.6
June,1975,7
July,1975,5.9
August,1975,8.1
September,1975,10.1
October,1975,12.1
November,1975,13.8
December,1975,15.5
January,1976,17.3
February,1976,15.1
March,1976,15.2
April,1976,12.7
May,1976,9.3
June,1976,6.9
July,1976,6.6
August,1976,8
September,1976,9.8
October,1976,11.3
November,1976,12.5
December,1976,16
January,1977,16.3
February,1977,16.9
March,1977,16.7
April,1977,13.2
May,1977,8
June,1977,7.5
July,1977,7.5
August,1977,8
September,1977,8.1
October,1977,11.4
November,1977,13.2
December,1977,15
January,1978,17.9
February,1978,18.5
March,1978,16.5
April,1978,15.7
May,1978,10.1
June,1978,7.5
July,1978,7.9
August,1978,7.9
September,1978,10.2
October,1978,11.6
November,1978,14.1
December,1978,15.9
January,1979,18.4
February,1979,16.8
March,1979,17.1
April,1979,12.2
May,1979,9.6
June,1979,8.1
July,1979,7.2
August,1979,7.8
September,1979,10.9
October,1979,12.6
November,1979,14.7
December,1979,15.9
January,1980,17.1
February,1980,16.8
March,1980,15
April,1980,12.7
May,1980,10.4
June,1980,7.8
July,1980,6.5
August,1980,7.9
September,1980,10.4
October,1980,12.9
November,1980,13
December,1980,16.3
January,1981,19
February,1981,18.7
March,1981,17.4
April,1981,14.1
May,1981,9.4
June,1981,8.2
July,1981,6.5
August,1981,6.9
September,1981,9.3
October,1981,12.2
November,1981,14
December,1981,17.6
January,1982,17.2
February,1982,18.4
March,1982,16.2
April,1982,11.6
May,1982,9.7
June,1982,6.8
July,1982,6
August,1982,8.4
September,1982,9.5
October,1982,10.4
November,1982,14.9
December,1982,14.8
January,1983,16.1
February,1983,16.3
March,1983,15.8
April,1983,12.4
May,1983,9.8
June,1983,6.9
July,1983,5.9
August,1983,7.8
September,1983,10.3
October,1983,12.8
November,1983,13.8
December,1983,15.1
January,1984,15.3
February,1984,16.5
March,1984,16.9
April,1984,12.6
May,1984,9
June,1984,7.9
July,1984,8.1
August,1984,9
September,1984,10
October,1984,11.8
November,1984,15.5
December,1984,16.7
January,1985,17.9
February,1985,17.1
March,1985,15.7
April,1985,13.4
May,1985,9.9
June,1985,8.6
July,1985,7.8
August,1985,7.2
September,1985,10.3
October,1985,11.3
November,1985,14.1
December,1985,17
January,1986,18.9
February,1986,17.4
March,1986,15.4
April,1986,13.4
May,1986,10.1
June,1986,7.7
July,1986,5.8
August,1986,7.5
September,1986,9.8
October,1986,12.6
November,1986,14.1
December,1986,15.7
January,1987,17.9
February,1987,16.8
March,1987,15
April,1987,12.9
May,1987,10.7
June,1987,8.1
July,1987,7.2
August,1987,9.3
September,1987,10.3
October,1987,12.2
November,1987,14.5
December,1987,15.8
January,1988,17.6
February,1988,18.3
March,1988,14.8
April,1988,11.2
May,1988,9.1
June,1988,8.2
July,1988,8.1
August,1988,8.7
September,1988,11.6
October,1988,12.7
November,1988,15
December,1988,17.2
January,1989,18.9
February,1989,17.2
March,1989,16.6
April,1989,13.3
May,1989,10.4
June,1989,8
July,1989,6
August,1989,8.8
September,1989,11
October,1989,13
November,1989,15
December,1989,16.4
January,1990,17.8
February,1990,19.4
March,1990,17.3
April,1990,14
May,1990,10.4
June,1990,7.7
July,1990,7.2
August,1990,8.2
September,1990,9.2
October,1990,12.9
November,1990,14.2
December,1990,16.6
January,1991,17.2
February,1991,17.5
March,1991,16
April,1991,12.4
May,1991,10.3
June,1991,6.5
July,1991,6.1
August,1991,8.5
September,1991,10.5
October,1991,11.8
November,1991,13.2
December,1991,15.5
March,1992,14.5
April,1992,11.4
May,1992,8.5
June,1992,5.8
July,1992,7.2
August,1992,7.6
September,1992,8.7
October,1992,11.6
November,1992,14.2
December,1992,15.5
January,1993,16.7
February,1993,16.1
March,1993,14.9
April,1993,11.8
May,1993,10.3
June,1993,8.9
July,1993,6.7
August,1993,7.5
September,1993,9.2
October,1993,12.2
November,1993,12.6
December,1993,14.8
January,1994,17.4
February,1994,18
March,1994,15
April,1994,13.2
May,1994,10.3
June,1994,7.4
July,1994,6.6
August,1994,8.4
September,1994,9.6
October,1994,11.2
November,1994,13.8
December,1994,16.4
January,1995,17.2
February,1995,18
March,1995,15.8
April,1995,14.5
May,1995,10.9
July,1995,5.6
August,1995,8
September,1995,10.2
October,1995,12.4
November,1995,13.4
December,1995,16.9
January,1996,18.1
February,1996,17.5
March,1996,14.8
April,1996,14.1
May,1996,9.9
June,1996,7
July,1996,6.9
August,1996,7.3
September,1996,10.8
October,1996,12.5
November,1996,12.8
December,1996,15.5
January,1997,16.3
February,1997,18.6
March,1997,15.6
April,1997,12.3
May,1997,11.5
June,1997,7.3
July,1997,6.3
August,1997,8
September,1997,9.3
October,1997,13.3
November,1997,15.2
December,1997,15.8
January,1998,18.8
February,1998,20.1
March,1998,17.4
April,1998,13.8
May,1998,11.6
June,1998,8.8
July,1998,9.5
August,1998,8.5
September,1998,11.4
October,1998,13.2
November,1998,14.7
December,1998,17.1
January,1999,19.7
February,1999,18.8
March,1999,17.8
April,1999,13.9
May,1999,11.5
June,1999,8.4
July,1999,7.8
August,1999,8.7
September,1999,11.6
October,1999,14.1
November,1999,15.5
December,1999,16.1
January,2000,17.2
February,2000,18.2
March,2000,16.1
April,2000,14.2
May,2000,11.7
June,2000,8.6
July,2000,9.2
August,2000,8.9
September,2000,10.6
October,2000,12.8
November,2000,13.2
December,2000,17.9
January,2001,17.5
February,2001,19.2
March,2001,16.6
April,2001,13.5
May,2001,11.6
June,2001,7.8
July,2001,6
August,2001,9.4
September,2001,11.3
October,2001,14.2
November,2001,14.6
December,2001,17.4
January,2002,17.9
February,2002,17
March,2002,16.9
April,2002,13.5
May,2002,11.5
June,2002,10.4
July,2002,8.2
August,2002,9.1
September,2002,10.7
October,2002,11.5
November,2002,14.1
December,2002,16.6
January,2003,17.5
February,2003,17.1
March,2003,17.3
April,2003,13.7
May,2003,11.7
June,2003,9.7
July,2003,6.6
August,2003,9
September,2003,10.4
October,2003,12
November,2003,14
December,2003,16.6
January,2004,19.2
February,2004,17
March,2004,15.2
April,2004,12.8
May,2004,11.4
June,2004,9
July,2004,6.4
August,2004,7.2
September,2004,9.5
October,2004,13
November,2004,15
December,2004,14.5
January,2005,17.6
February,2005,19.4
March,2005,16.9
April,2005,13.1
May,2005,11.5
June,2005,8
July,2005,8.9
August,2005,9.2
September,2005,11.3
October,2005,12.6
November,2005,14.6
December,2005,18.6
January,2006,17.7
February,2006,18.2
March,2006,15.8
April,2006,14.7
May,2006,11.2
June,2006,6.9
July,2006,7.9
August,2006,8.5
September,2006,11.7
October,2006,12.5
November,2006,14.5
December,2006,14.8
January,2007,18.1
February,2007,18.6
March,2007,17
April,2007,13.3
May,2007,12.3
June,2007,7.5
July,2007,7.6
August,2007,8.9
September,2007,10.8
October,2007,12.2
November,2007,14.7
December,2007,17.4
January,2008,19.5
February,2008,17.9
March,2008,17
April,2008,14.2
May,2008,9.5
June,2008,7.9
July,2008,8
August,2008,8.4
September,2008,11.3
October,2008,12.6
November,2008,14.1
December,2008,16.4
January,2009,18.1
February,2009,18.3
March,2009,15.7
April,2009,13.4
May,2009,8.5
June,2009,7.1
July,2009,6.9
August,2009,9.8
September,2009,10
October,2009,11.2
November,2009,15.2
December,2009,16
January,2010,17.9
February,2010,18.8
March,2010,16.9
April,2010,14.2
May,2010,11.6
June,2010,8.9
July,2010,7.5
August,2010,9.5
September,2010,10.6
October,2010,12.2
November,2010,15.6
December,2010,17.9
January,2011,18.6
February,2011,19.1
March,2011,16.2
April,2011,13.4
May,2011,13.7
June,2011,10.3
July,2011,7.3
August,2011,7.7
September,2011,9.9
October,2011,12.9
November,2011,14.6
December,2011,16.5
January,2012,17.7
February,2012,17.6
March,2012,15.5
April,2012,13.6
May,2012,10.2
June,2012,7.8
July,2012,8.2
August,2012,9.9
September,2012,10.6
October,2012,12.5
November,2012,13.9
December,2012,17.9
January,2013,17.7
February,2013,17.8
March,2013,17.3
April,2013,14.6
May,2013,11.1
June,2013,9.1
July,2013,8.2
August,2013,10.2
September,2013,11.4
October,2013,13.4
November,2013,16.2
December,2013,17.7
January,2014,16.9
February,2014,18.1
March,2014,16
April,2014,15
May,2014,11.1
June,2014,10.1
July,2014,7.5
August,2014,8.6
September,2014,11.5
October,2014,12.9
November,2014,14
December,2014,17.4
January,2015,19.2
February,2015,17.8
March,2015,17.5
April,2015,14.4
May,2015,10.7
June,2015,8.8
July,2015,7.4
August,2015,8.5
September,2015,10.3
October,2015,13.8
November,2015,14.2
December,2015,16.8
January,2016,19.2
February,2016,20.3
March,2016,17.7
April,2016,14.4
May,2016,12.3
June,2016,9.7
July,2016,8
August,2016,8
September,2016,11.3
October,2016,13.3
November,2016,15
December,2016,16.2
January,2017,17.5
February,2017,18.2
March,2017,17.4
April,2017,14.3
May,2017,10.4
June,2017,8.8
July,2017,8.1
August,2017,9.6
September,2017,11.3
October,2017,13.8
November,2017,15.5
December,2017,19.4
January,2018,21.2
February,2018,18.8
March,2018,17.5
April,2018,13.8
May,2018,11.3
June,2018,8
July,2018,7.9
August,2018,9.8
September,2018,10.8
October,2018,12.9
November,2018,14.6
December,2018,18
January,2019,20.7
February,2019,18.6
March,2019,18
April,2019,13.7
May,2019,12.3
June,2019,8.2
July,2019,8.7
August,2019,8.6
September,2019,10.5
October,2019,12.3
November,2019,15.3
December,2019,16.5
January,2020,18.3
February,2020,18.8
March,2020,15.9
April,2020,13.5
May,2020,10.9
June,2020,10.4
July,2020,8.6
August,2020,9.9
September,2020,11
October,2020,13.2
November,2020,15.1
December,2020,16.4
January,2021,17.8
February,2021,17.7
March,2021,16.1
April,2021,14.4
May,2021,11.5
June,2021,10.4
July,2021,8.4
August,2021,9.7
September,2021,10.5
October,2021,13.2
November,2021,15.9
December,2021,18.6
January,2022,19.3
February,2022,18.4
March,2022,17.2
April,2022,14.9
May,2022,12.5
June,2022,9.6
July,2022,9.2
August,2022,9.9
September,2022,11.1
October,2022,12.8
November,2022,15.9
December,2022,17.7
January,2023,19.3
February,2023,19.3
March,2023,16.7
April,2023,14.7
May,2023,13.2
June,2023,10.1
July,2023,9.1
August,2023,8.1
September,2023,11.9
October,2023,13
November,2023,14.9
December,2023,18.2
January,2024,19.4
February,2024,18.1
March,2024,15.7
April,2024,14.3
May,2024,9.9
June,2024,9.7
July,2024,8.7
August,2024,9.4
September,2024,11.1
October,2024,13
November,2024,15.5
December,2024,18.6
January,2025,17.4
February,2025,19
March,2025,17.2
April,2025,15.6
May,2025,11.9
June,2025,9.3
July,2025,9.1
August,2025,8
September,2025,11.1
October,2025,13.2
November,2025,16
December,2025,17.3
January,2026,18
February,2026,17.8
March,2026,16.3
April,2026,14.1
